"table_name","column_name","data_type"
"cscf_controls","id","integer"
"cscf_controls","document_id","integer"
"cscf_controls","control_number","integer"
"cscf_controls","control_title","text"
"cscf_controls","created_at","timestamp without time zone"
"cscf_controls","updated_at","timestamp without time zone"
"cscf_documents","id","integer"
"cscf_documents","framework","text"
"cscf_documents","version","text"
"cscf_documents","publication_date","date"
"cscf_documents","total_controls","integer"
"cscf_documents","mandatory_controls","integer"
"cscf_documents","advisory_controls","integer"
"cscf_documents","created_at","timestamp without time zone"
"cscf_documents","updated_at","timestamp without time zone"
"cscf_sub_controls","id","integer"
"cscf_sub_controls","control_id","integer"
"cscf_sub_controls","sub_control_number","text"
"cscf_sub_controls","sub_control_title","text"
"cscf_sub_controls","control_type","text"
"cscf_sub_controls","applies_to_architecture","jsonb"
"cscf_sub_controls","control_objective","text"
"cscf_sub_controls","in_scope_components","jsonb"
"cscf_sub_controls","risk_drivers","jsonb"
"cscf_sub_controls","impl_control_statement","text"
"cscf_sub_controls","impl_control_context","text"
"cscf_sub_controls","implementation_guidelines","jsonb"
"cscf_sub_controls","optional_enhancements","jsonb"
"cscf_sub_controls","alternative_implementations","text"
"cscf_sub_controls","created_at","timestamp without time zone"
"cscf_sub_controls","updated_at","timestamp without time zone"
"document_entities","doc_id","uuid"
"document_entities","entity_id","uuid"
"document_framework_links","doc_id","uuid"
"document_framework_links","framework_id","uuid"
"document_metadata","metadata_id","uuid"
"document_metadata","doc_id","uuid"
"document_metadata","language","character varying"
"document_metadata","publisher","character varying"
"document_metadata","external_reference","character varying"
"document_metadata","created_date","timestamp without time zone"
"document_metadata","last_updated_date","timestamp without time zone"
"document_repository","doc_id","uuid"
"document_repository","doc_ref_id","character varying"
"document_repository","doc_name","character varying"
"document_repository","doc_category","character varying"
"document_repository","doc_format","character varying"
"document_repository","review_frequency","character varying"
"document_repository","version_number","character varying"
"document_repository","status","character varying"
"document_repository","classification","character varying"
"document_repository","created_date","date"
"document_repository","last_updated_date","date"
"document_repository","upload_date","timestamp without time zone"
"document_repository","upload_status","character varying"
"document_repository","upload_type","character varying"
"document_repository","doc_link","character varying"
"document_repository","publication_date","date"
"document_repository","edition_or_version","character varying"
"document_repository","current_version_id","uuid"
"document_versions","version_id","uuid"
"document_versions","doc_id","uuid"
"document_versions","version_number","character varying"
"document_versions","version_type","character varying"
"document_versions","file_format","character varying"
"document_versions","storage_link","character varying"
"document_versions","file_size_bytes","bigint"
"document_versions","checksum_sha256","character varying"
"document_versions","created_at","timestamp without time zone"
"document_versions","is_current","boolean"
"entity_master","entity_id","uuid"
"entity_master","entity_code","character varying"
"entity_master","entity_name","character varying"
"entity_master","country_code","character varying"
"entity_master","is_active","boolean"
"framework_standards","framework_id","uuid"
"framework_standards","framework_code","character varying"
"framework_standards","framework_name","character varying"
"framework_standards","version","character varying"
"framework_standards","issuer","character varying"
"framework_standards","is_active","boolean"
"iso_annexes","id","integer"
"iso_annexes","standard_id","integer"
"iso_annexes","code","character varying"
"iso_annexes","title","text"
"iso_annexes","created_at","timestamp without time zone"
"iso_annexes","updated_at","timestamp without time zone"
"iso_clauses","id","integer"
"iso_clauses","annex_id","integer"
"iso_clauses","clause_code","character varying"
"iso_clauses","clause_title","text"
"iso_clauses","created_at","timestamp without time zone"
"iso_clauses","updated_at","timestamp without time zone"
"iso_controls","id","integer"
"iso_controls","subclause_id","integer"
"iso_controls","control_code","character varying"
"iso_controls","control_title","text"
"iso_controls","control_text","text"
"iso_controls","created_at","timestamp without time zone"
"iso_controls","updated_at","timestamp without time zone"
"iso_standards","id","integer"
"iso_standards","code","character varying"
"iso_standards","edition_year","integer"
"iso_standards","title","text"
"iso_standards","created_at","timestamp without time zone"
"iso_standards","updated_at","timestamp without time zone"
"iso_subclauses","id","integer"
"iso_subclauses","clause_id","integer"
"iso_subclauses","subclause_code","character varying"
"iso_subclauses","subclause_title","text"
"iso_subclauses","objective_text","text"
"iso_subclauses","created_at","timestamp without time zone"
"iso_subclauses","updated_at","timestamp without time zone"
"pci_dss_requirements","id","integer"
"pci_dss_requirements","requirement_number","character varying"
"pci_dss_requirements","requirement_title","text"
"pci_dss_requirements","requirement_overview","text"
"pci_dss_requirements","section_number","character varying"
"pci_dss_requirements","section_title","text"
"pci_dss_requirements","subsection_number","character varying"
"pci_dss_requirements","subsection_text","text"
"pci_dss_requirements","customized_approach_objective","text"
"pci_dss_requirements","applicability_notes","text"
"pci_dss_requirements","testing_procedures","jsonb"
"pci_dss_requirements","guidance_purpose","text"
"pci_dss_requirements","guidance_good_practice","text"
"pci_dss_requirements","guidance_definitions","text"
"pci_dss_requirements","guidance_examples","text"
"pci_dss_requirements","guidance_further_information","text"
"pci_dss_requirements","created_at","timestamp without time zone"
"pci_dss_requirements","updated_at","timestamp without time zone"
"policies","id","integer"
"policies","policy_metadata_id","integer"
"policies","policy_id","character varying"
"policies","policy_title","text"
"policies","clause_id","character varying"
"policies","clause_title","text"
"policies","clause_text","jsonb"
"policies","created_at","timestamp without time zone"
"policies","updated_at","timestamp without time zone"
"policy_metadata","id","integer"
"policy_metadata","policy_title","text"
"policy_metadata","policy_version","character varying"
"policy_metadata","bank_name","character varying"
"policy_metadata","ownership","text"
"policy_metadata","approving_authority","character varying"
"policy_metadata","last_approval_date","date"
"policy_metadata","review_frequency","text"
"policy_metadata","classification","character varying"
"policy_metadata","created_at","timestamp without time zone"
"policy_metadata","updated_at","timestamp without time zone"
"policy_sections","id","integer"
"policy_sections","policy_metadata_id","integer"
"policy_sections","section_no","character varying"
"policy_sections","section_title","text"
"policy_sections","subsection_no","character varying"
"policy_sections","subsection_title","text"
"policy_sections","subsection_content","text"
"policy_sections","subsection_items","jsonb"
"policy_sections","responsibilities","jsonb"
"policy_sections","created_at","timestamp without time zone"
"policy_sections","updated_at","timestamp without time zone"
"sbp_internet_banking_framework","id","integer"
"sbp_internet_banking_framework","policy_no","character varying"
"sbp_internet_banking_framework","policy_title","text"
"sbp_internet_banking_framework","description","text"
"sbp_internet_banking_framework","parent_policy_no","character varying"
"sbp_internet_banking_framework","level","integer"
"sbp_internet_banking_framework","page_reference","integer"
"sbp_internet_banking_framework","metadata","jsonb"
"sbp_internet_banking_framework","created_at","timestamp without time zone"
"sbp_internet_banking_framework","updated_at","timestamp without time zone"
